﻿Poslovne aplikacije,Vezbe,Mijatovic Igor,101,   PET   ,12:15-14,Raf4
Uvod u programiranje,Vezbe,Veniger Marko,101,SRE,16:15-18,Rg6
Uvod u programiranje,Praktikum,Tesic Nemanja,101,PET,14:15-16,Raf4
Engleski 1,Predavanja,Cuk Bojana,101 102,UTO,15:15-17,Raf11
Linearna algebra i analiticka geometrija,Predavanja,Jovanovic Jelena,101 102,ČET,15:15-17,Raf11
Linearna algebra i analiticka geometrija,Vezbe,Rankovic Dragica,101 102,UTO,12:15-15,Raf11
Uvod u programiranje,Predavanja,Urosevic Dragan,101 102,  ČET   ,12:15-14,Raf6
Diskretne strukture,Predavanja,Jovanovic Irena,101 102,ČET,17:15-19,Raf11
Diskretne strukture,Vezbe,Jerotijevic Marija,101 102,SRE,18:15-21,Raf11
Poslovne aplikacije,Vezbe,Mijatovic Igor,102,SRE,15:15-17,Raf4
Uvod u programiranje,Vezbe,Milojkovic Branislav,102,UTO,09:15-11,Raf7
Uvod u programiranje,Praktikum,Tesic Nemanja,102,ČET,19:15-21,Raf3
Poslovne aplikacije,Vezbe,Mijatovic Igor,103,ČET,11:15-13,Raf4
Uvod u programiranje,Vezbe,Vignjevic Mihailo,103,ČET,09:15-11,Raf4
Uvod u programiranje,Praktikum,Al Hakan Alya,103,PON,17:15-19,Raf3
Engleski 1,Predavanja,Cuk Bojana,103 104,SRE,09:15-11,Raf11
Linearna algebra i analiticka geometrija,Predavanja,Filipovic Milanka,103 104,PET,16:15-18,Raf6
Linearna algebra i analiticka geometrija,Vezbe,Rankovic Dragica,103 104,PET,18:15-21,Raf11
Uvod u programiranje,Predavanja,Dimic Surla Bojana,103 104,SRE,11:15-13,Raf11
Diskretne strukture,Predavanja,Jovanovic Irena,103 104,PON,19:15-21,Raf6
Diskretne strukture,Vezbe,Jerotijevic Marija,103 104,UTO,17:15-20,Raf11
Poslovne aplikacije,Vezbe,Mijatovic Igor,104,SRE,13:15-15,Raf4
Uvod u programiranje,Vezbe,Vignjevic Mihailo,104,UTO,13:15-15,Raf7
Uvod u programiranje,Praktikum,Zivkovic Stefan,104,PET,13:15-15,Raf7
Poslovne aplikacije,Vezbe,Mijatovic Igor,105,UTO,17:15-19,Raf4
Uvod u programiranje,Praktikum,Zivkovic Stefan,105,SRE,19:15-21,Raf7
Uvod u programiranje,Vezbe,Vignjevic Mihailo,105,PET,11:15-13,Raf7
Linearna algebra i analiticka geometrija,Vezbe,Rankovic Dragica,105 106 107,ČET,15:15-18,Raf6
Uvod u programiranje,Predavanja,Dimic Surla Bojana,105 106 107,PET,09:15-11,Raf6
Diskretne strukture,Predavanja,Jovanovic Irena,105 106 107,SRE,15:15-17,Raf6
Diskretne strukture,Vezbe,Jerotijevic Marija,105 106 107,ČET,18:15-21,Raf6
Linearna algebra i analiticka geometrija,Predavanja,Filipovic Milanka,105 107 106,SRE,17:15-19,Raf6
Engleski 1,Predavanja,Cuk Bojana,106,PET,11:15-13,Raf3
Poslovne aplikacije,Vezbe,Mijatovic Igor,106,SRE,11:15-13,Raf4
Uvod u programiranje,Praktikum,Jelic Lazar,106,PET,15:15-17,Raf7
Uvod u programiranje,Vezbe,Matovic Marko,106,SRE,13:15-15,Raf7
Poslovne aplikacije,Vezbe,Mijatovic Igor,107,UTO,15:15-17,Raf4
Uvod u programiranje,Vezbe,Matovic Marko,107,UTO,13:15-15,Raf4
Uvod u programiranje,Praktikum,Jelic Lazar,107,SRE,19:15-21,Raf5
Engleski 1,Predavanja,Cuk Bojana,107 105,UTO,19:15-21,Raf6
Crtanje i slikanje,Predavanja i vezbe,Prusevic Dulic Mersiha,1d1,UTO,10:15-13,RafAtelje
Crtanje i slikanje,Predavanja i vezbe,Prusevic Dulic Mersiha,1d1,UTO,13:15-16,RafAtelje
Engleski 1,Predavanja,Cuk Bojana,1d1 1d2,PET,15:15-17,RafAtelje
Osnovi oblikovanja,Predavanja,Malesevic Nenad,1d1 1d2,PON,09:15-12,RafAtelje
Osnovi oblikovanja,Vezbe,Eskobar Dobrijevic Katarina,1d1 1d2,PET,09:15-12,Raf14
Osnovi projektovanja,Predavanja,Djuricic Ana,1d1 1d2,ČET,09:15-12,RafAtelje
Osnovi projektovanja,Vezbe,Stojanovic Visnja,1d1 1d2,PET,12:15-15,Raf14
Crtanje i slikanje,Predavanja i vezbe,Prusevic Dulic Mersiha,1d2,SRE,13:15-16,RafAtelje
Crtanje i slikanje,Predavanja i vezbe,Prusevic Dulic Mersiha,1d2,SRE,10:15-13,RafAtelje
Administracija i odrzavanje sistema 1,Predavanja,Seslija Ognjen,1s1,UTO,18:15-21,Raf2
Administracija i odrzavanje sistema 1,Vezbe,Seslija Ognjen,1s1,SRE,18:15-21,Raf2
Organizacija racunara,Vezbe,Stambolovic Bogdana,1s1,PET,17:15-20,Raf3
Praktikum iz arhitekture racunara i operativnih sistema,Praktikum,Stambolovic Bogdana,1s1,PET,15:15-17,Raf3
Osnovi programiranja,Vezbe,Paunovic Vanja,1s1,SRE,12:15-15,Raf3
Organizacija racunara,Predavanja,Mirkovic Bogdan,1s1 1s2 1s3 1s4,ČET,8:15-11,Kolarac1
Engleski 1,Predavanja,Vrbica-Matejic Vera,1s1 1s3,PON,09:15-11,Raf11